URL,Class
https://www.neubaukompass.de/neubau/villa-wuerttemberg-berlin/
https://www.neubaukompass.de/neubau/sophienpark-berlin/
https://www.neubaukompass.de/neubau/oxo-apartments-berlin/
https://www.neubaukompass.de/neubau/vert-wohnen-am-tacheles-berlin/
https://www.neubaukompass.de/neubau/pohlestrasse-berlin/
https://www.neubaukompass.de/neubau/wilhelmsaue-berlin/
https://www.neubaukompass.de/neubau/mommsen-und-wieland-berlin/
https://www.neubaukompass.de/neubau/immergruen-berlin/
https://www.neubaukompass.de/neubau/living-spree-2-berlin/
https://www.neubaukompass.de/neubau/bellevuestrasse-petershagen/
https://www.neubaukompass.de/neubau/die-neue-111-berlin/
https://www.neubaukompass.de/neubau/spreewohnen-fuerstenwalde/
https://www.neubaukompass.de/neubau/bredereckstrasse-18a-berlin/
https://www.neubaukompass.de/neubau/waldowstrasse-9-berlin/
https://www.neubaukompass.de/neubau/dahme5-berlin/
https://www.neubaukompass.de/neubau/machnower-chaussee-zossen/
https://www.neubaukompass.de/neubau/utopia-berlin/
https://www.neubaukompass.de/neubau/steinbach-palais-bad-saarow/
https://www.neubaukompass.de/neubau/waldstrasse-64-berlin/
https://www.neubaukompass.de/neubau/kuckhoff-47-berlin/
https://www.neubaukompass.de/neubau/am-generalshof-berlin/
https://www.neubaukompass.de/neubau/wildrose-berlin/
https://www.neubaukompass.de/neubau/buergerstrasse-53-berlin/
https://www.neubaukompass.de/neubau/seetore-residenz-neuruppin/
https://www.neubaukompass.de/neubau/bruno-bauer-eck-berlin-neukoelln/
https://www.neubaukompass.de/neubau/oranie-1-berlin/
https://www.neubaukompass.de/neubau/fox-cube-drei-berlin/
https://www.neubaukompass.de/neubau/bornholm-berlin/
https://www.neubaukompass.de/neubau/schiller-und-havel-hohen-neuendorf/
https://www.neubaukompass.de/neubau/baugemeinschaft-win-berlin/
https://www.neubaukompass.de/neubau/neue-florahoefe-berlin/
https://www.neubaukompass.de/neubau/wohnen-am-plaenterwald-berlin/
https://www.neubaukompass.de/neubau/studio-living-berlin-b1/
https://www.neubaukompass.de/neubau/am-spreebogen-berlin-charlottenburg/
https://www.neubaukompass.de/neubau/soma-pottensteiner-weg-berlin/
https://www.neubaukompass.de/neubau/handjery-friedenau-living-berlin/
https://www.neubaukompass.de/neubau/alt-reinickendorf-54-berlin/
https://www.neubaukompass.de/neubau/penthouses-berlin-mitte/
https://www.neubaukompass.de/neubau/davoser-strasse-5-berlin/
https://www.neubaukompass.de/neubau/monos-berlin/
https://www.neubaukompass.de/neubau/eberty-urban-living-berlin/
https://www.neubaukompass.de/neubau/copenic-7-berlin/
https://www.neubaukompass.de/neubau/gartenhaus-loft-57-berlin/
https://www.neubaukompass.de/neubau/wiener-hoefe-berlin/
https://www.neubaukompass.de/neubau/berliner-allee-94-berlin/
https://www.neubaukompass.de/neubau/berliner-allee-18-zossen/
https://www.neubaukompass.de/neubau/vorstadtgaerten-aderluch-oranienburg/
https://www.neubaukompass.de/neubau/pfau-am-potsdamer-platz-berlin/
https://www.neubaukompass.de/neubau/quartier-hugos-berlin/
https://www.neubaukompass.de/neubau/glint-berlin/
https://www.neubaukompass.de/neubau/am-schlosspark-berlin/
https://www.neubaukompass.de/neubau/a-la-maison-berlin/
https://www.neubaukompass.de/neubau/dresdener109-berlin/
https://www.neubaukompass.de/neubau/embassy-berlin/
https://www.neubaukompass.de/neubau/orangerie-wohnen-am-tiefer-see-potsdam/
https://www.neubaukompass.de/neubau/nikolas-ensemble-berlin/
https://www.neubaukompass.de/neubau/althoff-18-berlin/
https://www.neubaukompass.de/neubau/fiftysix-lietzenburger-berlin/
https://www.neubaukompass.de/neubau/duo-novo-berlin/
https://www.neubaukompass.de/neubau/pandion-4living-berlin/
https://www.neubaukompass.de/neubau/lytz-berlin/
https://www.neubaukompass.de/neubau/urban-homes-weissensee-berlin/
https://www.neubaukompass.de/neubau/ts4-berlin/
https://www.neubaukompass.de/neubau/gado-parkviertelallee-berlin/
https://www.neubaukompass.de/neubau/choriner-strasse-59-berlin/
https://www.neubaukompass.de/neubau/industrielofts-berlin/
https://www.neubaukompass.de/neubau/fabrik-lofts-berlin/
https://www.neubaukompass.de/neubau/alexander-berlin/
https://www.neubaukompass.de/neubau/neuendorfer-eck-hohen-neuendorf/
https://www.neubaukompass.de/neubau/parkside-berlin/
https://www.neubaukompass.de/neubau/columbia-berlin/
https://www.neubaukompass.de/neubau/lankwitzer-hofgaerten-berlin/
https://www.neubaukompass.de/neubau/quartier-charlotte-berlin/
https://www.neubaukompass.de/neubau/mywest-berlin/
https://www.neubaukompass.de/neubau/berliner-allee-zossen/
https://www.neubaukompass.de/neubau/parkside-living-berlin/
https://www.neubaukompass.de/neubau/kronprinzengaerten-berlin/
https://www.neubaukompass.de/neubau/dorfstrasse-schoeneiche/
https://www.neubaukompass.de/neubau/berkenbruecker-steig-berlin/
https://www.neubaukompass.de/neubau/wuhletaler-fenster-berlin/
https://www.neubaukompass.de/neubau/hu150-berlin/
https://www.neubaukompass.de/neubau/gartenstrasse-heroldplatz-elstal/
https://www.neubaukompass.de/neubau/siebenundneun-berlin/
https://www.neubaukompass.de/neubau/100-eins-berlin/
https://www.neubaukompass.de/neubau/cosyyard-berlin/
https://www.neubaukompass.de/neubau/riverside-square-berlin/
https://www.neubaukompass.de/neubau/haus-benett-berlin/
https://www.neubaukompass.de/neubau/schlueter18-berlin-dh/
https://www.neubaukompass.de/neubau/mulberry-yards-berlin/
https://www.neubaukompass.de/neubau/charlottenburger-ufer-14-berlin/
https://www.neubaukompass.de/neubau/maison-frederic-berlin/
https://www.neubaukompass.de/neubau/kaiser-im-kiez-berlin/
https://www.neubaukompass.de/neubau/kiss-kissinger-strasse-berlin/
https://www.neubaukompass.de/neubau/schoenwalder-koppeln-wansdorf/
https://www.neubaukompass.de/neubau/tuttlinger-weg-schuenemannweg-in-steglitz-berlin/
https://www.neubaukompass.de/neubau/townhouses-pankow-berlin/
https://www.neubaukompass.de/neubau/upcity-berlin/
https://www.neubaukompass.de/neubau/105-park-residences-berlin/
https://www.neubaukompass.de/neubau/neuhouse-berlin/
https://www.neubaukompass.de/neubau/fidelio-potsdam/
https://www.neubaukompass.de/neubau/kreuzberg-no-5-berlin/
https://www.neubaukompass.de/neubau/54-east-berlin/
https://www.neubaukompass.de/neubau/wieland-pestalozzi-berlin-dh/
https://www.neubaukompass.de/neubau/52-grad-nord-berlin/
https://www.neubaukompass.de/neubau/wohnen-am-brunnenplatz-berlin/
https://www.neubaukompass.de/neubau/schlossallee-3a-berlin/
https://www.neubaukompass.de/neubau/lhq-haus-37-berlin/
https://www.neubaukompass.de/neubau/friedenstaler-gaerten-bernau-bei-berlin/
https://www.neubaukompass.de/neubau/am-glindower-see-werder/
https://www.neubaukompass.de/neubau/am-birkenwaeldchen-berlin/
https://www.neubaukompass.de/neubau/dichter-eck-berlin/
https://www.neubaukompass.de/neubau/grandaire-berlin-mitte-berlin/
https://www.neubaukompass.de/neubau/vive-la-rose-berlin/
https://www.neubaukompass.de/neubau/pandion-midtown-berlin/
https://www.neubaukompass.de/neubau/villa-galant-berlin/
https://www.neubaukompass.de/neubau/buwog-uferkrone-suno-berlin/
https://www.neubaukompass.de/neubau/dichtervillen-karlshorst-berlin/
https://www.neubaukompass.de/neubau/am-anger-6-berlin/
https://www.neubaukompass.de/neubau/kurt-tucholsky-strasse-47-hohen-neuendorf/
https://www.neubaukompass.de/neubau/billy-wilder-living-berlin/
https://www.neubaukompass.de/neubau/karl-im-glueck-berlin/
https://www.neubaukompass.de/neubau/an-der-seepromenade-berlin/
https://www.neubaukompass.de/neubau/high-west-berlin/
https://www.neubaukompass.de/neubau/rooftop-living-berlin/
https://www.neubaukompass.de/neubau/east-side-studios-berlin/
https://www.neubaukompass.de/neubau/ritterstrasse-21-teltow/
https://www.neubaukompass.de/neubau/baugemeinschaft-karo-berlin/
https://www.neubaukompass.de/neubau/waldstrasse-14-15-berlin/
https://www.neubaukompass.de/neubau/schoenhauser-allee-132-berlin/
https://www.neubaukompass.de/neubau/seepark-paetz-bestensee/
https://www.neubaukompass.de/neubau/quartier-am-alten-schlosspark-zossen/
https://www.neubaukompass.de/neubau/veithaus-tegler-see-13a-berlin/
https://www.neubaukompass.de/neubau/parkstadt-karlshorst-berlin/
https://www.neubaukompass.de/neubau/zuhause-im-quintett-berlin/
https://www.neubaukompass.de/neubau/feldtmanngaerten-berlin-weissensee/
https://www.neubaukompass.de/neubau/fleur-de-berlin/
https://www.neubaukompass.de/neubau/pier-berlin/
https://www.neubaukompass.de/neubau/william-bay-berlin/
https://www.neubaukompass.de/neubau/rc34-berlin/
https://www.neubaukompass.de/neubau/wohnquartier-ritterschlag-schulzendorf/
https://www.neubaukompass.de/neubau/kiez-und-gloria-berlin/
https://www.neubaukompass.de/neubau/spielhagen8-berlin/
https://www.neubaukompass.de/neubau/wohnpanorama-berlin/
https://www.neubaukompass.de/neubau/zur-mesche-neuruppin/
https://www.neubaukompass.de/neubau/constance-wilmersdorf-berlin/
https://www.neubaukompass.de/neubau/die-neue-24-wildau/
https://www.neubaukompass.de/neubau/la-bollene-berlin/
https://www.neubaukompass.de/neubau/f6-living-berlin/
https://www.neubaukompass.de/neubau/greifswalder-strasse-berlin/
https://www.neubaukompass.de/neubau/3-hoefe-berlin/
https://www.neubaukompass.de/neubau/schilling-berlin-mitte/
https://www.neubaukompass.de/neubau/w4-am-grossen-wannsee-berlin/
https://www.neubaukompass.de/neubau/falkenhoefe-falkensee/
https://www.neubaukompass.de/neubau/essener-strasse-23-berlin/
https://www.neubaukompass.de/neubau/stadtpalai-nassau-berlin/
https://www.neubaukompass.de/neubau/emerald-west-berlin/
https://www.neubaukompass.de/neubau/wohnen-am-jungfernsee-potsdam/
https://www.neubaukompass.de/neubau/pfarrlandstrasse-13-berlin/
https://www.neubaukompass.de/neubau/dallgow-doeberitz-koenigsgraben/
https://www.neubaukompass.de/neubau/upwest-berlin/
https://www.neubaukompass.de/neubau/buwog-lotsenhaeuser-berlin/
https://www.neubaukompass.de/neubau/am-dreifelderweg-nauen/
https://www.neubaukompass.de/neubau/linienstrasse-72-berlin/
https://www.neubaukompass.de/neubau/schoenegarten-berlin/
https://www.neubaukompass.de/neubau/gruentaler-strasse-berlin/
https://www.neubaukompass.de/neubau/rosengaerten-fredersdorf-vogelsdorf/
https://www.neubaukompass.de/neubau/heegermuehler-weg-berlin/
https://www.neubaukompass.de/neubau/hannemann-buergel-eck-teltow/
https://www.neubaukompass.de/neubau/pure-living-berlin/
https://www.neubaukompass.de/neubau/wuhlheider-blick-berlin/
https://www.neubaukompass.de/neubau/marina-apartments-bad-saarow/
https://www.neubaukompass.de/neubau/schoeneberger-hoefe-berlin/
https://www.neubaukompass.de/neubau/safe-and-sound-neukoelln-berlin/
https://www.neubaukompass.de/neubau/hielscherstrasse-1-berlin/
https://www.neubaukompass.de/neubau/achterdeck-wohnen-am-wasser-berlin/
https://www.neubaukompass.de/neubau/zaunkoenige-altglienicke-berlin/
https://www.neubaukompass.de/neubau/gustavs-hofgaerten-berlin/
https://www.neubaukompass.de/neubau/schliersee-hof-berlin/
https://www.neubaukompass.de/neubau/be-grow-berlin/
https://www.neubaukompass.de/neubau/pan-und-co-berlin/
https://www.neubaukompass.de/neubau/muenstertor-60-62-berlin/
https://www.neubaukompass.de/neubau/studio-living-potsdam-p1-potsdam/
https://www.neubaukompass.de/neubau/vertino-potsdam/
https://www.neubaukompass.de/neubau/buwog-speicherballett-havelkiesel-berlin/
https://www.neubaukompass.de/neubau/erpepark-berlin/
https://www.neubaukompass.de/neubau/warschauer-strasse-69-berlin/
https://www.neubaukompass.de/neubau/charlottenbogen-berlin/
https://www.neubaukompass.de/neubau/havelglueck-oranienburg/
https://www.neubaukompass.de/neubau/eks-elstal/
https://www.neubaukompass.de/neubau/studio-living-b3-berlin/
https://www.neubaukompass.de/neubau/reseda-6-teltow-berlin/
https://www.neubaukompass.de/neubau/das-waidmanns-berlin/
https://www.neubaukompass.de/neubau/newkoelln-berlin-neukoelln/
https://www.neubaukompass.de/neubau/am-postufer-berlin/
https://www.neubaukompass.de/neubau/upside-berlin/
https://www.neubaukompass.de/neubau/carte-blanche-berlin/
https://www.neubaukompass.de/neubau/eichhorst14-berlin/
https://www.neubaukompass.de/neubau/im-buntzeleck-berlin/
https://www.neubaukompass.de/neubau/wohnen-am-werlsee-gruenheide/
https://www.neubaukompass.de/neubau/riehlufer-berlin/
https://www.neubaukompass.de/neubau/marianne-quartier-berlin/
https://www.neubaukompass.de/neubau/muenchener-strasse-13-berlin/
https://www.neubaukompass.de/neubau/studio-living-b2-berlin/
https://www.neubaukompass.de/neubau/freienwalder-strasse-berlin/
https://www.neubaukompass.de/neubau/duett-berlin/
https://www.neubaukompass.de/neubau/gutshof-falkenberg-berlin/
https://www.neubaukompass.de/neubau/lausitzer-quartier-berlin/
https://www.neubaukompass.de/neubau/ostpreussendamm-78-berlin/
https://www.neubaukompass.de/neubau/das-albrecht-berlin/
https://www.neubaukompass.de/neubau/topaz-berlin/
https://www.neubaukompass.de/neubau/rangsdorf-am-stadtweg/
https://www.neubaukompass.de/neubau/maison-roseneck-berlin/
https://www.neubaukompass.de/neubau/lindenstrasse-26-berlin/
https://www.neubaukompass.de/neubau/h9-berlin/
https://www.neubaukompass.de/neubau/am-hochmeisterplatz-berlin/
https://www.neubaukompass.de/neubau/buckower-eck-berlin/
https://www.neubaukompass.de/neubau/schivelbeiner-strasse-31a-berlin/
https://www.neubaukompass.de/neubau/6-rosen-berlin/
https://www.neubaukompass.de/neubau/panke-aue-bernau/
https://www.neubaukompass.de/neubau/wasserturm-berlin-altglienicke/
https://www.neubaukompass.de/neubau/glasgow28-berlin/
https://www.neubaukompass.de/neubau/sterndamm-114-116-berlin/
https://www.neubaukompass.de/neubau/luxemburger-strasse-berlin/
https://www.neubaukompass.de/neubau/rennbahnallee-119-hoppegarten/
https://www.neubaukompass.de/neubau/trio-am-kalksee-woltersdorf/
https://www.neubaukompass.de/neubau/berliner-strasse-124-berlin/
https://www.neubaukompass.de/neubau/am-sportplatz-5-schorfheide/
https://www.neubaukompass.de/neubau/rotkehlchenweg-20-berlin/
https://www.neubaukompass.de/neubau/ruhlsdorfer-strasse-93-teltow/
https://www.neubaukompass.de/neubau/wusterhausener-strasse-26-eichwalde/
https://www.neubaukompass.de/neubau/wilhelms-quartier-pankow-berlin/
https://www.neubaukompass.de/neubau/le-pavillon-91-berlin/
https://www.neubaukompass.de/neubau/the-falckenstein-berlin/
https://www.neubaukompass.de/neubau/unique-zuhause-am-gleispark-berlin/
https://www.neubaukompass.de/neubau/revo-muenchen/
https://www.neubaukompass.de/neubau/plaza-pasing-muenchen/
https://www.neubaukompass.de/neubau/anders-wohnen-3-bauabschnitt-muenchen/
https://www.neubaukompass.de/neubau/savoyenstrasse-sieben-muenchen/
https://www.neubaukompass.de/neubau/wohnen-am-nockherberg-mitte-muenchen/
https://www.neubaukompass.de/neubau/b71-obermenzing-muenchen/
https://www.neubaukompass.de/neubau/penzberger-strasse-25-seeshaupt/
https://www.neubaukompass.de/neubau/pasingerstrasse-18-graefelfing/
https://www.neubaukompass.de/neubau/s01-living-spannleitenberg-1-kirchseeon/
https://www.neubaukompass.de/neubau/ernst-haeckel-strasse-24-muenchen/
https://www.neubaukompass.de/neubau/wuermstrasse-9-dachau/
https://www.neubaukompass.de/neubau/riegerhoefe-taufkirchen/
https://www.neubaukompass.de/neubau/gleisharfe-neuaubing-2-muenchen/
https://www.neubaukompass.de/neubau/p10-living-parkmeisterstrasse-10-12-muenchen/
https://www.neubaukompass.de/neubau/grafinger-hoefe-3-grafing-bei-muenchen/
https://www.neubaukompass.de/neubau/michael-trudering-seidl-strasse-muenchen/
https://www.neubaukompass.de/neubau/betzenweg-69-muenchen/
https://www.neubaukompass.de/neubau/vogesenstrasse-35-muenchen/
https://www.neubaukompass.de/neubau/heer-45-muenchen/
https://www.neubaukompass.de/neubau/am-schwabinger-bach-muenchen/
https://www.neubaukompass.de/neubau/quartier-neuhausen-muenchen/
https://www.neubaukompass.de/neubau/am-wasserschloss-pasing/
https://www.neubaukompass.de/neubau/toelzer-muenchen/
https://www.neubaukompass.de/neubau/bad-feilnbach-leben-im-jenbachtal/
https://www.neubaukompass.de/neubau/franz-wuellner-strasse-4-muenchen/
https://www.neubaukompass.de/neubau/westwing-eastwing-gruenwald/
https://www.neubaukompass.de/neubau/wohnen-im-gruenen-maerchenviertel-waldperlach-muenchen/
https://www.neubaukompass.de/neubau/hadern-41-muenchen/
https://www.neubaukompass.de/neubau/frontenhausenerstrasse-61-vilsbiburg/
https://www.neubaukompass.de/neubau/wuermtalstrasse-145a-muenchen/
https://www.neubaukompass.de/neubau/becker-gundahl-strasse-muenchen/
https://www.neubaukompass.de/neubau/angerbogen-freising/
https://www.neubaukompass.de/neubau/am-sonnenweg-dietersheim/
https://www.neubaukompass.de/neubau/ulmenstrasse-traumhaeuser-fuerstenfeldbruck/
https://www.neubaukompass.de/neubau/fresenius-88-muenchen/
https://www.neubaukompass.de/neubau/serviced-apartments-easy-living-waakirchen/
https://www.neubaukompass.de/neubau/wohnensemble-inn157-muenchen/
https://www.neubaukompass.de/neubau/eversbuschstrasse-140-muenchen/
https://www.neubaukompass.de/neubau/strasslach-marienweg-3-doppelhaushaelfte/
https://www.neubaukompass.de/neubau/lerchenauerstrasse-300-muenchen/
https://www.neubaukompass.de/neubau/moosaria-moosburg-an-der-isar/
https://www.neubaukompass.de/neubau/strasslach-marienweg-3-einfamilienhaus/
https://www.neubaukompass.de/neubau/josef-voetter-strasse-24-muenchen/
https://www.neubaukompass.de/neubau/hoehenkirchen-am-anger/
https://www.neubaukompass.de/neubau/spinnereihof-kolbermoor/
https://www.neubaukompass.de/neubau/oskar-von-miller-strasse-3-unterhaching/
https://www.neubaukompass.de/neubau/eisenhartstrasse-9-muenchen/
https://www.neubaukompass.de/neubau/studio-living-karlsfeld/
https://www.neubaukompass.de/neubau/h27-ottobrunn/
https://www.neubaukompass.de/neubau/stadtnest-rennweg-8a-landshut/
https://www.neubaukompass.de/neubau/edition-os46-muenchen/
https://www.neubaukompass.de/neubau/paosopark-muenchen/
https://www.neubaukompass.de/neubau/at-home-muenchen/
https://www.neubaukompass.de/neubau/der-neue-derzbachhof-muenchen/
https://www.neubaukompass.de/neubau/easy-muenchen/
https://www.neubaukompass.de/neubau/westpark-quartier-muenchen/
https://www.neubaukompass.de/neubau/gruenwalder65-muenchen/
https://www.neubaukompass.de/neubau/enzianstrasse-2-wolfratshausen/
https://www.neubaukompass.de/neubau/hoch-der-isar-muenchen/
https://www.neubaukompass.de/neubau/echelsbacher-strasse-12-muenchen/
https://www.neubaukompass.de/neubau/schuetzenweg-5-einfamilienhaeuser-mit-villencharakter/
https://www.neubaukompass.de/neubau/alexisquartier-wohnen-an-der-allee-muenchen/
https://www.neubaukompass.de/neubau/a-riva-schondorf-am-ammersee/
https://www.neubaukompass.de/neubau/big-city-life-muenchen/
https://www.neubaukompass.de/neubau/kolberger-5-muenchen/
https://www.neubaukompass.de/neubau/seitz-16-muenchen/
https://www.neubaukompass.de/neubau/hollerhaus-bruckmuehl/
https://www.neubaukompass.de/neubau/am-brunneplatzl-berg-am-starnberger-see/
https://www.neubaukompass.de/neubau/w111-wohnen-im-muenchner-osten/
https://www.neubaukompass.de/neubau/muenchner-strasse-48-karlsfeld/
https://www.neubaukompass.de/neubau/belvedere-pasing-obermenzing-muenchen/
https://www.neubaukompass.de/neubau/an-der-lohe-2-muenchen/
https://www.neubaukompass.de/neubau/dahoam-in-ottobrunn/
https://www.neubaukompass.de/neubau/linden11-hoehenkirchen-siegertsbrunn/
https://www.neubaukompass.de/neubau/urspringerstrasse-7-strasslach-dingharting/
https://www.neubaukompass.de/neubau/hauptstrasse-10-hallbergmoos/
https://www.neubaukompass.de/neubau/preussenstrasse-35-muenchen/
https://www.neubaukompass.de/neubau/am-birkengarten-29-taufkirchen/
https://www.neubaukompass.de/neubau/m41-muenchen/
https://www.neubaukompass.de/neubau/terrassengaerten-am-steinweg-stadtmitte-dingolfing/
https://www.neubaukompass.de/neubau/vogesen-3-muenchen/
https://www.neubaukompass.de/neubau/c04-living-charlottenweg-4-pullach/
https://www.neubaukompass.de/neubau/prisma-pasing-muenchen/
https://www.neubaukompass.de/neubau/griechenstrasse-muenchen/
https://www.neubaukompass.de/neubau/puls-muenchen/
https://www.neubaukompass.de/neubau/maison-henri-bergsonstrasse-5-muenchen/
https://www.neubaukompass.de/neubau/camerloherstrasse-53-muenchen/
https://www.neubaukompass.de/neubau/diamaltpark-muenchen/
https://www.neubaukompass.de/neubau/weitblick-feldkirchen-westerham/
https://www.neubaukompass.de/neubau/lagom-herrsching-am-ammersee/
https://www.neubaukompass.de/neubau/wave-wohnen-in-muenchen-aubing-muenchen/
https://www.neubaukompass.de/neubau/gluecksgefuehl-germering-muenchen/
https://www.neubaukompass.de/neubau/wohnen-am-nockherberg-sued-muenchen/
https://www.neubaukompass.de/neubau/piushof-herrsching/
https://www.neubaukompass.de/neubau/limani-obermenzing-muenchen/
https://www.neubaukompass.de/neubau/alte-brauerei-freising/
https://www.neubaukompass.de/neubau/459-pasing-muenchen/
https://www.neubaukompass.de/neubau/kupa-quartier-kuvertfabrik-pasing-muenchen/
https://www.neubaukompass.de/neubau/gilching-landsberger-strasse-49/
https://www.neubaukompass.de/neubau/villenresidenz-hauensteinstrasse-6-muenchen/
https://www.neubaukompass.de/neubau/carmina-andechs/
https://www.neubaukompass.de/neubau/b01-living-baermannstrasse-1-muenchen/
https://www.neubaukompass.de/neubau/eigentumswohnungen-tuntenhausen/
https://www.neubaukompass.de/neubau/tonwerkstrasse-2-emmering/
https://www.neubaukompass.de/neubau/rosi-holzkirchen/
https://www.neubaukompass.de/neubau/waldo-muenchen/
https://www.neubaukompass.de/neubau/villen-park-muenchen/
https://www.neubaukompass.de/neubau/krailiving39-krailling/
https://www.neubaukompass.de/neubau/derfflingerstrasse-3-muenchen/
https://www.neubaukompass.de/neubau/das-freisinger-freising/
https://www.neubaukompass.de/neubau/wohnen-am-adalbert-stifter-park-waldkraiburg/
https://www.neubaukompass.de/neubau/lola-stadtwohnungen-muenchen/
https://www.neubaukompass.de/neubau/rupprechtstrasse-17-muenchen/
https://www.neubaukompass.de/neubau/stadtpalais-widenmayer-muenchen/
https://www.neubaukompass.de/neubau/am-kaiserweiher-kettenhaeuser-kaufbeuren/
https://www.neubaukompass.de/neubau/saebener-strasse-muenchen/
https://www.neubaukompass.de/neubau/pandion-penta-muenchen/
https://www.neubaukompass.de/neubau/reihenhaeuser-otterfing/
https://www.neubaukompass.de/neubau/spirit-modernes-stadtnahes-wohnen-germering/
https://www.neubaukompass.de/neubau/meinraum-muenchen-west/
https://www.neubaukompass.de/neubau/luitpoldstrasse-47-krailling/
https://www.neubaukompass.de/neubau/eins8eins-muenchen/
https://www.neubaukompass.de/neubau/kaulbachstrasse-44-5-zimmer-wohnung-muenchen/
https://www.neubaukompass.de/neubau/wehrstauden-karlsfeld/
https://www.neubaukompass.de/neubau/waldschulstrasse-45-47-muenchen/
https://www.neubaukompass.de/neubau/edition-aw18-muenchen/
https://www.neubaukompass.de/neubau/living-isar-muenchen/
https://www.neubaukompass.de/neubau/oberfoehringer-strasse-238-muenchen/
https://www.neubaukompass.de/neubau/k-10-living-karl-schroeder-strasse-10-pullach/
https://www.neubaukompass.de/neubau/pandion-verde/
https://www.neubaukompass.de/neubau/linden-5-erding/
https://www.neubaukompass.de/neubau/reiffenstuelweg-17-rottach-egern/
https://www.neubaukompass.de/neubau/auenstrasse-1-hohenschaeftlarn/
https://www.neubaukompass.de/neubau/villa-jakob-germering/
https://www.neubaukompass.de/neubau/willno16-muenchen/
https://www.neubaukompass.de/neubau/waldmeister-47-muenchen/
https://www.neubaukompass.de/neubau/geiselgasteig-100/
https://www.neubaukompass.de/neubau/der-fuerst-xv-planegg/
https://www.neubaukompass.de/neubau/enjoy-muenchen/
https://www.neubaukompass.de/neubau/siegmund-15-muenchen/
https://www.neubaukompass.de/neubau/waldtrudering-waldschulstrasse-muenchen/
https://www.neubaukompass.de/neubau/high-five-gruenwald/
https://www.neubaukompass.de/neubau/heuglinstrasse-22-muenchen/
https://www.neubaukompass.de/neubau/am-papierbach-landsberg-am-lech/
https://www.neubaukompass.de/neubau/floetnerweg-12-muenchen/
https://www.neubaukompass.de/neubau/das-bertholds-muenchen/
https://www.neubaukompass.de/neubau/hertlingstrasse-8-12-muenchen/
https://www.neubaukompass.de/neubau/muenchen-aubing-limesstrasse/
https://www.neubaukompass.de/neubau/seegarten-starnberg/
https://www.neubaukompass.de/neubau/the-no-35-muenchen/
https://www.neubaukompass.de/neubau/haus-muehlbach-muenchen/
https://www.neubaukompass.de/neubau/holzpalais-am-starnberger-seee/
https://www.neubaukompass.de/neubau/greenside-ottobrunn/
https://www.neubaukompass.de/neubau/griegstrasse-22-24-muenchen/
https://www.neubaukompass.de/neubau/allee43-muenchen/
https://www.neubaukompass.de/neubau/goteboldstrasse-48-muenchen/
https://www.neubaukompass.de/neubau/wohnen-im-gartenweg-roehrmoos/
https://www.neubaukompass.de/neubau/aicherstrasse-15-fuerstenfeldbruck/
https://www.neubaukompass.de/neubau/anton-hackl-strasse-21-dachau/
https://www.neubaukompass.de/neubau/hauptstrasse-83-peissenberg/
https://www.neubaukompass.de/neubau/fruehlingsplatz-2-karlsfeld/
https://www.neubaukompass.de/neubau/leuchstrasse-8-bad-aibling/
https://www.neubaukompass.de/neubau/rl84-modernes-wohnen-in-den-rosengaerten-ottobrunn/
https://www.neubaukompass.de/neubau/gabelsberger-strasse-5a-5b-rosenheim/
https://www.neubaukompass.de/neubau/bahnhofstrasse-24-groebenzell/
https://www.neubaukompass.de/neubau/riesengebirgstrasse-10-moosburg/
https://www.neubaukompass.de/neubau/villa-urbana-muenchen/
https://www.neubaukompass.de/neubau/halfinger-strasse-20-und-22-muenchen/
https://www.neubaukompass.de/neubau/munich-vibes-5-muenchen/
https://www.neubaukompass.de/neubau/theodor-fischer-strasse-70-muenchen-untermenzing/
https://www.neubaukompass.de/neubau/auf-der-haid-5-wolfratshausen/
https://www.neubaukompass.de/neubau/fernhagerstrasse-7-scheyern/
https://www.neubaukompass.de/neubau/the-perathon-villenhaelften-in-klassischer-architektur/
https://www.neubaukompass.de/neubau/bahnhofstrasse-geisenhausen/
https://www.neubaukompass.de/neubau/chiemseestrasse-25-traunstein/
https://www.neubaukompass.de/neubau/pfeivestlstrasse-2a-muenchen/
https://www.neubaukompass.de/neubau/haarhome/
https://www.neubaukompass.de/neubau/schussenriederstrasse-16-muenchen/
https://www.neubaukompass.de/neubau/halleinstrasse-muehldorf/
https://www.neubaukompass.de/neubau/mei-hoamat-irschenberg/
https://www.neubaukompass.de/neubau/bauseweinallee-69-muenchen/
https://www.neubaukompass.de/neubau/atrium-moosburg/
https://www.neubaukompass.de/neubau/heimgartenstrasse-7a-dachau/
https://www.neubaukompass.de/neubau/goethering-42-markt-schwaben/
https://www.neubaukompass.de/neubau/zum-guten-brunnen-29-kaufbeuren/
https://www.neubaukompass.de/neubau/am-graspoint-17-rosenheim/
https://www.neubaukompass.de/neubau/rofanstrasse-27-muenchen/
https://www.neubaukompass.de/neubau/wolkersdorfer-strasse-12-traunstein/
https://www.neubaukompass.de/neubau/fruehlingstrasse-2-schechen/
https://www.neubaukompass.de/neubau/boecksteiner-strasse-83-muenchen/
https://www.neubaukompass.de/neubau/h36-fuerstenfeldbruck/
https://www.neubaukompass.de/neubau/hauptstrasse-5-obermarbach-petershausen/
https://www.neubaukompass.de/neubau/westlife-aubinger-wohnkultur-muenchen/
https://www.neubaukompass.de/neubau/schusterbauerstrasse-13-burgkirchen/
https://www.neubaukompass.de/neubau/theodor-koerner-strasse-45-ottobrunn/
https://www.neubaukompass.de/neubau/bahnhofstrasse-9-fuchstal/
https://www.neubaukompass.de/neubau/harmatinger-strasse-1-muenchen/
https://www.neubaukompass.de/neubau/rotter-strasse-17-23/
https://www.neubaukompass.de/neubau/con-bravura-kaufbeuren/
https://www.neubaukompass.de/neubau/kirchenstrasse-10-finsing/
https://www.neubaukompass.de/neubau/attel6-wasserburg-am-inn/
https://www.neubaukompass.de/neubau/forstanger-diessen/
https://www.neubaukompass.de/neubau/studiomuc-frankfurt/
https://www.neubaukompass.de/neubau/mainanker-hattersheim-am-main/
https://www.neubaukompass.de/neubau/amadeus-4green-bad-nauheim/
https://www.neubaukompass.de/neubau/am-wingertsweg-muehlheim-am-main/
https://www.neubaukompass.de/neubau/lahn16-mainz/
https://www.neubaukompass.de/neubau/studentenapartments-oestrich-winkel/
https://www.neubaukompass.de/neubau/reboot-wiesbaden/
https://www.neubaukompass.de/neubau/vido-frankfurt-am-main/
https://www.neubaukompass.de/neubau/nemus-refugium-frankfurt-am-main/
https://www.neubaukompass.de/neubau/life48-konrad-zuse-strasse-wiesbaden/
https://www.neubaukompass.de/neubau/das-hermelin-bad-nauheim/
https://www.neubaukompass.de/neubau/merianhof/
https://www.neubaukompass.de/neubau/henriette-fuerth-strasse-33-frankfurt-am-main/
https://www.neubaukompass.de/neubau/wingert-verde-kleinostheim/
https://www.neubaukompass.de/neubau/wings-gallusviertel-frankfurt-am-main/
https://www.neubaukompass.de/neubau/studio-living-f1-frankfurt-am-main/
https://www.neubaukompass.de/neubau/adam-offenbach-am-main/
https://www.neubaukompass.de/neubau/am-roemerbrunnen-bruchkoebel/
https://www.neubaukompass.de/neubau/auf-den-gaensewiesen-7-7a-7b-und-9-liederbach-am-taunus/
https://www.neubaukompass.de/neubau/hauptstrasse-28-eschborn/
https://www.neubaukompass.de/neubau/quartier41-mainz-kostheim-wiesbaden/
https://www.neubaukompass.de/neubau/kleiderfabrik-2-bauabschnitt-wilhelmsbad-hanau/
https://www.neubaukompass.de/neubau/die-zwei-niederdorfelden/
https://www.neubaukompass.de/neubau/idsteiner-strasse-33-und-33a-wiesbaden/
https://www.neubaukompass.de/neubau/mittlauer-weg-6-gelnhausen/
https://www.neubaukompass.de/neubau/pandion-doxx-mainz/
https://www.neubaukompass.de/neubau/kappus-hoefe-offenbach-am-main/
https://www.neubaukompass.de/neubau/seniorenzentrum-freigericht/
https://www.neubaukompass.de/neubau/hohebergstrasse-100-heusenstamm/
https://www.neubaukompass.de/neubau/m53-bergen-frankfurt-am-main/
https://www.neubaukompass.de/neubau/stadthaus-12-hechtsheim-mainz/
https://www.neubaukompass.de/neubau/rosselstrasse-26-wiesbaden/
https://www.neubaukompass.de/neubau/kaiserquartier-bad-homburg/
https://www.neubaukompass.de/neubau/frankfurt-pur/
https://www.neubaukompass.de/neubau/wohnungen-in-der-neuen-mitte-nidderau/
https://www.neubaukompass.de/neubau/le-soleil-wiesbaden/
https://www.neubaukompass.de/neubau/taunusstrasse-18-32-niederdorfelden/
https://www.neubaukompass.de/neubau/viktoria-viertel-wiesbaden/
https://www.neubaukompass.de/neubau/stadtquartier-langen/
https://www.neubaukompass.de/neubau/koenigsteiner-allee-39-und-41-dietzenbach/
https://www.neubaukompass.de/neubau/pfarrhofstrasse-bingen-am-rhein/
https://www.neubaukompass.de/neubau/48-brickside-frankfurt/
https://www.neubaukompass.de/neubau/elsa-braendstroem-strasse-hanau/
https://www.neubaukompass.de/neubau/bahnhofstrasse-wallertheim/
https://www.neubaukompass.de/neubau/mater-bonifacia-weg-2-offenbach-am-main/
https://www.neubaukompass.de/neubau/the-chameleon-bockenheim-frankfurt-am-main/
https://www.neubaukompass.de/neubau/albert-villen-wiesbaden/
https://www.neubaukompass.de/neubau/hof-ensemble-mainz-kostheim-wiesbaden/
https://www.neubaukompass.de/neubau/reboot-wiesbaden-haeuser/
https://www.neubaukompass.de/neubau/natuerlich-2-eigentumswohnungen-frankfurt-am-main/
https://www.neubaukompass.de/neubau/stadtgaerten-eigentumswohnungen-bad-vilbel/
https://www.neubaukompass.de/neubau/das-gruengold-bad-nauheim/
https://www.neubaukompass.de/neubau/wohnen-am-hessentagspark-in-dietzenbach/
https://www.neubaukompass.de/neubau/h1-hermelinweg-bad-nauheim/
https://www.neubaukompass.de/neubau/westend-flair-frankfurt-am-main/
https://www.neubaukompass.de/neubau/nassauer-hof-kronberg-im-taunus/
https://www.neubaukompass.de/neubau/kuhlio-frankfurt-am-main/
https://www.neubaukompass.de/neubau/cosmo-karben/
https://www.neubaukompass.de/neubau/natuerlich-2-reihenhaeuser-frankfurt-am-main/
https://www.neubaukompass.de/neubau/heiligkreuz-4tel-mainz/
https://www.neubaukompass.de/neubau/hofheimer-strasse-21-23-dietzenbach/
https://www.neubaukompass.de/neubau/mainbogen-palais-frankfurt-am-main/
https://www.neubaukompass.de/neubau/roemerquartier-langen-in-hessen/
https://www.neubaukompass.de/neubau/eden-frankfurt/
https://www.neubaukompass.de/neubau/vivre-wiesbaden/
https://www.neubaukompass.de/neubau/kureck-wiesbaden/
https://www.neubaukompass.de/neubau/eastfive-frankfurt-am-main/
https://www.neubaukompass.de/neubau/hauptstrasse-bad-soden/
https://www.neubaukompass.de/neubau/an-den-streuobstwiesen-bad-nauheim/
https://www.neubaukompass.de/neubau/am-quellenwaeldchen-idstein/
https://www.neubaukompass.de/neubau/w-double-u-frankfurt-am-main/
https://www.neubaukompass.de/neubau/anny-schlemm-strasse-1-7-neu-isenburg/
https://www.neubaukompass.de/neubau/weberstrasse-34-gross-zimmern/
https://www.neubaukompass.de/neubau/grillparzerstrasse-16-taunusstein/
https://www.neubaukompass.de/neubau/grand-tower-frankfurt/
https://www.neubaukompass.de/neubau/wohnresidenz-spiegelberg-nierstein/
https://www.neubaukompass.de/neubau/aar34-wiesbaden/
https://www.neubaukompass.de/neubau/doppelhaushaelften-niederhoechstadt-eschborn/
https://www.neubaukompass.de/neubau/mainbogenvillage-offenbach-am-main/
https://www.neubaukompass.de/neubau/kopenhagener-strasse-6-limburg/
https://www.neubaukompass.de/neubau/altstadtlogen-idstein/
https://www.neubaukompass.de/neubau/helgolaender-strasse-31-wiesbaden/
https://www.neubaukompass.de/neubau/edenholz-frankfurt-am-main/
https://www.neubaukompass.de/neubau/bad-homburger-strse-46-und-48-idstein/
https://www.neubaukompass.de/neubau/kap-30-kriftel/
https://www.neubaukompass.de/neubau/loewengarten-alzenau/
https://www.neubaukompass.de/neubau/the-urban-frankfurt-am-main/
https://www.neubaukompass.de/neubau/blanc128-friedrichsdorf/
https://www.neubaukompass.de/neubau/160-park-view-frankfurt-am-main/
https://www.neubaukompass.de/neubau/riederbergstrasse-wiesbaden/
https://www.neubaukompass.de/neubau/kostheimer-landstrasse-21-und-23/
https://www.neubaukompass.de/neubau/armstrong-kaserne-buedingen/
https://www.neubaukompass.de/neubau/river-view-by-sertage-hanau/
https://www.neubaukompass.de/neubau/weimarer-strasse-frankfurt-am-main/
https://www.neubaukompass.de/neubau/reihenhaeuser-buergel-offenbach-am-main/
https://www.neubaukompass.de/neubau/karat5-neu-anspach/
https://www.neubaukompass.de/neubau/urban-central-frankfurt/
https://www.neubaukompass.de/neubau/magnolia-naurod-wiesbaden/
https://www.neubaukompass.de/neubau/steubenstrasse-11-11b-wiesbaden/
https://www.neubaukompass.de/neubau/siemensstrasse-15-und-17-bad-vilbel/
https://www.neubaukompass.de/neubau/ringgassenhoefe-idstein/
https://www.neubaukompass.de/neubau/odenwaldstrasse-3-obertshausen/
https://www.neubaukompass.de/neubau/mary-und-abe-darmstadt/
https://www.neubaukompass.de/neubau/am-lerchesberg-frankfurt-am-main/
https://www.neubaukompass.de/neubau/carl-von-linde-strasse-16-16-c-wiesbaden/
https://www.neubaukompass.de/neubau/solid-home-frankfurt-am-main/
https://www.neubaukompass.de/neubau/friedensstrasse-17-kelsterbach/
https://www.neubaukompass.de/neubau/graefin-anna-strasse-3-taunusstein/
https://www.neubaukompass.de/neubau/alicestrasse-11/
https://www.neubaukompass.de/neubau/weinbergstrasse-26-erlensee/
https://www.neubaukompass.de/neubau/logis-lahnau/
https://www.neubaukompass.de/neubau/wuerzburger-strasse-82/
https://www.neubaukompass.de/neubau/am-klingenrain-offenbach/
https://www.neubaukompass.de/neubau/wohnpark-eppstein-muellerwies-eppstein/
https://www.neubaukompass.de/neubau/the-view-limburg/
https://www.neubaukompass.de/neubau/friedrichstrasse-3-7-wetzlar/
https://www.neubaukompass.de/neubau/cornelienstrasse-52-aschaffenburg/
https://www.neubaukompass.de/neubau/altenbergerstrasse-6/
https://www.neubaukompass.de/neubau/am-bornhofenweg-wiesbaden/
https://www.neubaukompass.de/neubau/rheintal-terrassen-bingen-am-rhein/
https://www.neubaukompass.de/neubau/an-der-schlade-kassel/
https://www.neubaukompass.de/neubau/burgstrasse-47/
https://www.neubaukompass.de/neubau/reichenberger-strasse-32-kelsterbach/
https://www.neubaukompass.de/neubau/bergstrasse-24-rodenbach/
https://www.neubaukompass.de/neubau/sandweg-54-marburg/
https://www.neubaukompass.de/neubau/sachsenhaeuser-hof-frankfurt-am-main/
https://www.neubaukompass.de/neubau/yorck-34-aschaffenburg/
https://www.neubaukompass.de/neubau/offenbacher-strasse-79-muehlheim/
https://www.neubaukompass.de/neubau/gaertnerweg-4-friedrichsdorf/
https://www.neubaukompass.de/neubau/andreas-wilhelm-heil-strasse-7-butzbach/
https://www.neubaukompass.de/neubau/hauptstrasse-20-seeheim-jugenheim/
https://www.neubaukompass.de/neubau/am-buergerhaus-13-15/
https://www.neubaukompass.de/neubau/casinostrasse-boppard/
https://www.neubaukompass.de/neubau/muehlstrasse-wackernheim/
https://www.neubaukompass.de/neubau/am-zehntenstein-12a-limburg/
https://www.neubaukompass.de/neubau/bahnhofsstrasse-44-48-obertshausen/
https://www.neubaukompass.de/neubau/stanleystrasse-wiesbaden/
https://www.neubaukompass.de/neubau/schlossstrasse-5a-5b-kuenzell/
https://www.neubaukompass.de/neubau/der-kleine-mainpark-hanau/
https://www.neubaukompass.de/neubau/wintersteinstrasse-33-wehrheim/
https://www.neubaukompass.de/neubau/georg-victor-weber-strase-2-bad-homburg/
https://www.neubaukompass.de/neubau/albert-wamser-strasse-butzbach/
https://www.neubaukompass.de/neubau/brignoler-strasse-58-gross-gerau/
https://www.neubaukompass.de/neubau/solarquartier/
https://www.neubaukompass.de/neubau/sudetenstrasse-13-moerfelden-walldorf/
https://www.neubaukompass.de/neubau/living-muehlhome-muehlheim-am-main/
https://www.neubaukompass.de/neubau/quartier-17-haus-am-kastell-hanau/
https://www.neubaukompass.de/neubau/langstrasse-23-kelkheim/
https://www.neubaukompass.de/neubau/am-wiesengrund-2-offenbach/
https://www.neubaukompass.de/neubau/darmstaedter-strasse-37/
https://www.neubaukompass.de/neubau/alte-kasseler-strasse-52/
https://www.neubaukompass.de/neubau/am-heinichenberg-46-bruchkoebel/
https://www.neubaukompass.de/neubau/pestalozzistrasse-21-woerrstadt/
https://www.neubaukompass.de/neubau/walderdorffstrasse-5-limburg/
https://www.neubaukompass.de/neubau/yuniku-buedingen/
https://www.neubaukompass.de/neubau/bismarckstrasse-24b-friedberg-in-hessen/
https://www.neubaukompass.de/neubau/moosgasse-13-biblis/
https://www.neubaukompass.de/neubau/nordring-138-dieburg/
https://www.neubaukompass.de/neubau/wohnpark-goldener-grund-huenfelden/
https://www.neubaukompass.de/neubau/alt-niedereschbach-34-frankfurt-am-main/
https://www.neubaukompass.de/neubau/muehlweg-3-alzenau/
https://www.neubaukompass.de/neubau/zeppelinstrasse-13a-oberursel-taunus/
https://www.neubaukompass.de/neubau/gutwerk-37-aschaffenburg/
https://www.neubaukompass.de/neubau/am-kartaeuserhof-5-mainz/
https://www.neubaukompass.de/neubau/wohnquartier-parkstrasse-lueneburg/
https://www.neubaukompass.de/neubau/wohnpark-am-wiesental-luebeck/
https://www.neubaukompass.de/neubau/storchenwiese-hamburg/
https://www.neubaukompass.de/neubau/mein-frederik-norderstedt/
https://www.neubaukompass.de/neubau/tangstedter-strasse-rellingen/
https://www.neubaukompass.de/neubau/im-fliedergarten-2ba-haus6-hamburg/
https://www.neubaukompass.de/neubau/the-jules-hamburg/
https://www.neubaukompass.de/neubau/braband-37-hamburg/
https://www.neubaukompass.de/neubau/bartels-hof-dachterrassen-hamburg/
https://www.neubaukompass.de/neubau/mein-aspelohe/
https://www.neubaukompass.de/neubau/garden-village-lueneburg/
https://www.neubaukompass.de/neubau/flerrentwiete-30-hamburg/
https://www.neubaukompass.de/neubau/achtern-felde-garstedt/
https://www.neubaukompass.de/neubau/norder-living-norderstedt/
https://www.neubaukompass.de/neubau/marienblick-hamburg/
https://www.neubaukompass.de/neubau/im-tale-hamburg-eppendorf/
https://www.neubaukompass.de/neubau/wohnen-am-spechtort-hamburg/
https://www.neubaukompass.de/neubau/luruper-hoefe-hamburg/
https://www.neubaukompass.de/neubau/an-der-lohe-9-hamburg/
https://www.neubaukompass.de/neubau/stella-stellinger-steindamm-hamburg/
https://www.neubaukompass.de/neubau/stadthaeuser-blankensee-hamburg/
https://www.neubaukompass.de/neubau/wohnquartier-cube-schwarzenbek/
https://www.neubaukompass.de/neubau/suedn-von-hamburg/
https://www.neubaukompass.de/neubau/bloom-wohnen-im-pergolenviertel-hamburg/
https://www.neubaukompass.de/neubau/leveland-ahrensburg/
https://www.neubaukompass.de/neubau/the-yard-hamburg/
https://www.neubaukompass.de/neubau/hinter-den-tannen-glinde/
https://www.neubaukompass.de/neubau/harksheider-strasse-81-hamburg/
https://www.neubaukompass.de/neubau/1-zwo-3-4-hamburg/
https://www.neubaukompass.de/neubau/bluecherhoefe-hamburg/
https://www.neubaukompass.de/neubau/erdkampsweg-hamburg/
https://www.neubaukompass.de/neubau/oxenzoller-norderstedt/
https://www.neubaukompass.de/neubau/graf-ernst-weg-hamburg/
https://www.neubaukompass.de/neubau/in-de-masch-schenefeld/
https://www.neubaukompass.de/neubau/rissener-trio-hamburg/
https://www.neubaukompass.de/neubau/braband1-hamburg/
https://www.neubaukompass.de/neubau/woerdemann-weg-hamburg/
https://www.neubaukompass.de/neubau/fish-33-hamburg/
https://www.neubaukompass.de/neubau/mitte-rahlstedt-hamburg/
https://www.neubaukompass.de/neubau/barmbeker-bogen-tor-zur-fuhle-hamburg/
https://www.neubaukompass.de/neubau/vogelaue-hamburg/
https://www.neubaukompass.de/neubau/eichenplatz-7-hamburg/
https://www.neubaukompass.de/neubau/bahrengold-hamburg/
https://www.neubaukompass.de/neubau/adagio-stadthauser-hamburg/
https://www.neubaukompass.de/neubau/halstenbeker-strasse-95-hamburg/
https://www.neubaukompass.de/neubau/neuer-traveblick-hamberge/
https://www.neubaukompass.de/neubau/schaedlerstrasse-wandsbek/
https://www.neubaukompass.de/neubau/thesdorfer-weg-7-pinneberg/
https://www.neubaukompass.de/neubau/qubo-pinneberger-kehre-quickborn/
https://www.neubaukompass.de/neubau/kloepperpark-hamburg/
https://www.neubaukompass.de/neubau/die-bleichertwiete-hamburg/
https://www.neubaukompass.de/neubau/stadt-land-alstertal/
https://www.neubaukompass.de/neubau/white144-hamburg/
https://www.neubaukompass.de/neubau/les-belles-hamburg/
https://www.neubaukompass.de/neubau/barmbeker-bogen-city-apartments-hamburg/
https://www.neubaukompass.de/neubau/wollibar-hamburg/
https://www.neubaukompass.de/neubau/julius-vosseler-gaerten-hamburg/
https://www.neubaukompass.de/neubau/weidentrift-geesthacht/
https://www.neubaukompass.de/neubau/werkstadt-kolbenhoefe-hamburg/
https://www.neubaukompass.de/neubau/moorbekpark-norderstedt/
https://www.neubaukompass.de/neubau/rosengarten-wedel/
https://www.neubaukompass.de/neubau/waterlofts-kanalstrasse-penthouses-hamburg/
https://www.neubaukompass.de/neubau/frank-in-der-hafencity-hamburg/
https://www.neubaukompass.de/neubau/avenew-glinde/
https://www.neubaukompass.de/neubau/sarenweg-46-hamburg/
https://www.neubaukompass.de/neubau/kuehnstrasse-122-124-hamburg/
https://www.neubaukompass.de/neubau/holsteiner-chaussee-311-hamburg/
https://www.neubaukompass.de/neubau/bilenbarg-75-hamburg/
https://www.neubaukompass.de/neubau/west-nest-hamburg/
https://www.neubaukompass.de/neubau/53-grad-west-hamburg/
https://www.neubaukompass.de/neubau/hamburg-lokstedter-steindamm-63/
https://www.neubaukompass.de/neubau/uptown-living-ahrensburg/
https://www.neubaukompass.de/neubau/flurterrassen-hamburg/
https://www.neubaukompass.de/neubau/adagio-eigentumswohnungen-hamburg/
https://www.neubaukompass.de/neubau/flottbeker-zwillinge-hamburg/
https://www.neubaukompass.de/neubau/wohnen-am-wasserturm-hamburg/
https://www.neubaukompass.de/neubau/iserbrook-hus-hamburg/
https://www.neubaukompass.de/neubau/the-ten-hamburg/
https://www.neubaukompass.de/neubau/amandastrasse-hamburg/
https://www.neubaukompass.de/neubau/op-de-diek-hamburg/
https://www.neubaukompass.de/neubau/waterlofts-kanalstrasse-etagenwohnungen-hamburg/
https://www.neubaukompass.de/neubau/75-hz-hamburg/
https://www.neubaukompass.de/neubau/green-village-nahe/
https://www.neubaukompass.de/neubau/the-crown-hamburg/
https://www.neubaukompass.de/neubau/ufersand-weder/
https://www.neubaukompass.de/neubau/oslandsby-hamburg/
https://www.neubaukompass.de/neubau/alsterkant-hamburg/
https://www.neubaukompass.de/neubau/haus-ruebekamp-pinneberg/
https://www.neubaukompass.de/neubau/berner-heerweg-hamburg/
https://www.neubaukompass.de/neubau/wendlohstrasse-141-hamburg/
https://www.neubaukompass.de/neubau/prolife-48-norderstedt/
https://www.neubaukompass.de/neubau/my-one-hamburg/
https://www.neubaukompass.de/neubau/brombeerkamp-barsbuettel/
https://www.neubaukompass.de/neubau/waterlofts-kanalstrasse-maisonettewohnungen-hamburg/
https://www.neubaukompass.de/neubau/klopstockhof-hamburg/
https://www.neubaukompass.de/neubau/ahrmoor-ahrensburg/
https://www.neubaukompass.de/neubau/destionation-zuhause-339-hamburg/
https://www.neubaukompass.de/neubau/fiftynine-strandkai-hamburg/
https://www.neubaukompass.de/neubau/sengelmannstrasse-95-hamburg/
https://www.neubaukompass.de/neubau/die-haeuser-von-nienstedten-hamburg/
https://www.neubaukompass.de/neubau/felix-hamburg/
https://www.neubaukompass.de/neubau/living-northside-hamburg/
https://www.neubaukompass.de/neubau/hasenhoehe-95-hamburg/
https://www.neubaukompass.de/neubau/elfsaal-17-hamburg/
https://www.neubaukompass.de/neubau/ulzburger-strasse-408-norderstedt/
https://www.neubaukompass.de/neubau/kleiner-sand-50-uetersen/
https://www.neubaukompass.de/neubau/wohnpark-niedersachsenstrasse-tostedt/
https://www.neubaukompass.de/neubau/amtstrasse-36-38-schwerin/
https://www.neubaukompass.de/neubau/alt-scharnebeck-2/
https://www.neubaukompass.de/neubau/fehrsstrasse-16-pinneberg/
https://www.neubaukompass.de/neubau/wohnquartier-alte-zimmerei-norderstedt/
https://www.neubaukompass.de/neubau/alte-landstrasse-hamburg-hummelsbuettel/
https://www.neubaukompass.de/neubau/reiner-lange-strasse-11-stade/
https://www.neubaukompass.de/neubau/klaar-buxtehude/
https://www.neubaukompass.de/neubau/glindweg-43-hamburg/
https://www.neubaukompass.de/neubau/zuhause-am-brueckensteg-moenchengladbach/
https://www.neubaukompass.de/neubau/lavendelhoefe-duesseldorf/
https://www.neubaukompass.de/neubau/rheinstadt-carre-krefeld/
https://www.neubaukompass.de/neubau/nord-apartments-duesseldorf/
https://www.neubaukompass.de/neubau/buederichs-in-meerbusch-meerbusch/
https://www.neubaukompass.de/neubau/daimlerstrasse-2-4-hilden/
https://www.neubaukompass.de/neubau/neues-bahnhofsviertel-rommerskirchen/
https://www.neubaukompass.de/neubau/bienenweg-16-langenfeld/
https://www.neubaukompass.de/neubau/vierzig549/
https://www.neubaukompass.de/neubau/herzoghoefe-duesseldorf/
https://www.neubaukompass.de/neubau/behringstrasse-53-solingen/
https://www.neubaukompass.de/neubau/high-end-loft-duesseldorfer-osten/
https://www.neubaukompass.de/neubau/eschenweg-solingen/
https://www.neubaukompass.de/neubau/ulmer-hoeh-duesseldorf/
https://www.neubaukompass.de/neubau/lifestyle-lofts-unterbilk-duesseldorf/
https://www.neubaukompass.de/neubau/rottes-143-kaarst/
https://www.neubaukompass.de/neubau/ria-2-oberassel-duesseldorf/
https://www.neubaukompass.de/neubau/cube-factory-577-leverkusen/
https://www.neubaukompass.de/neubau/zeppenheimer-strasse-63-69a-duesseldorf/
https://www.neubaukompass.de/neubau/wohnen-im-hochfeld-duesseldorf/
https://www.neubaukompass.de/neubau/gutshof-am-linken-niederrhein/
https://www.neubaukompass.de/neubau/jakobshof-duesseldorf/
https://www.neubaukompass.de/neubau/dyne-duesseldorf/
https://www.neubaukompass.de/neubau/cube4you-mettmann/
https://www.neubaukompass.de/neubau/unser-bilk-duesseldorf/
https://www.neubaukompass.de/neubau/calion-duesseldorf/
https://www.neubaukompass.de/neubau/wacholderbogen-in-angermund-duesseldorf/
https://www.neubaukompass.de/neubau/wimmersberger-suedblick-velbert/
https://www.neubaukompass.de/neubau/stephan-lochner-strasse-17-duesseldorf/
https://www.neubaukompass.de/neubau/living-42-langenfeld/
https://www.neubaukompass.de/neubau/muelheimerstrasse-106-bergisch-gladbach/
https://www.neubaukompass.de/neubau/merscheider-strasse/
https://www.neubaukompass.de/neubau/villa-melbeck-duesseldorf/
https://www.neubaukompass.de/neubau/mettmanner-strasse-50-hilden/
https://www.neubaukompass.de/neubau/f236-duesseldorf/
https://www.neubaukompass.de/neubau/stadtquartier-stettiner-strasse-langenfeld-rheinland/
https://www.neubaukompass.de/neubau/nordstrasse-8a-haan/
https://www.neubaukompass.de/neubau/angerhof-duesseldorf/
https://www.neubaukompass.de/neubau/gruenstrasse-mohnweg-leverkusen/
https://www.neubaukompass.de/neubau/an-der-schlade-kassel/
https://www.neubaukompass.de/neubau/wohnpark-huehnerbachtal-haan/
https://www.neubaukompass.de/neubau/berghauser-strasse-remscheid/
https://www.neubaukompass.de/neubau/wohnen-am-krugerpfad-nettetal/
https://www.neubaukompass.de/neubau/niederdonker-karree-meerbusch/
https://www.neubaukompass.de/neubau/zur-goldackershoeh-2-duisburg/
https://www.neubaukompass.de/neubau/gruenstrasse-18-remscheid/
https://www.neubaukompass.de/neubau/vivaldi-park-mitte-gevelsberg/
https://www.neubaukompass.de/neubau/balken-18-20-leichlingen/
https://www.neubaukompass.de/neubau/seestrasse-71-leonberg/
https://www.neubaukompass.de/neubau/sonnenbergstrasse-45-korntal-muenchingen/
https://www.neubaukompass.de/neubau/lothar-spaeth-carre-bietigheim-bissingen/
https://www.neubaukompass.de/neubau/in-den-akademiegaerten-37-37-3-neuhausen-auf-den-fildern/
https://www.neubaukompass.de/neubau/am-vogelsang-stuttgart/
https://www.neubaukompass.de/neubau/pandion-leonleonberg/
https://www.neubaukompass.de/neubau/amselweg-11-15-neuhausen-auf-den-fildern/
https://www.neubaukompass.de/neubau/im-muehlenviertel-schondorf/
https://www.neubaukompass.de/neubau/raiffeisenstrasse-heimerdingerstrasse-ditzingen/
https://www.neubaukompass.de/neubau/schlierbacher-strase-92-96-kirchheim-unter-teck/
https://www.neubaukompass.de/neubau/greenresidences-calw/
https://www.neubaukompass.de/neubau/ulrichweg-18-grafenau-wuerttemberg/
https://www.neubaukompass.de/neubau/kaestnerstrasse-bietigheim-bissingen/
https://www.neubaukompass.de/neubau/ph-moeglingen/
https://www.neubaukompass.de/neubau/heisse-klinge-schwaikheim/
https://www.neubaukompass.de/neubau/lucky-lu-ludwigsburg/
https://www.neubaukompass.de/neubau/neue-steige-bad-ditzenbach/
https://www.neubaukompass.de/neubau/leo-living-leonberg/
https://www.neubaukompass.de/neubau/am-alten-weingaertle-leinfelden-echterdingen/
https://www.neubaukompass.de/neubau/hauptstrasse-24-hemmingen/
https://www.neubaukompass.de/neubau/schwarzwaldstrasse-45-pforzheim/
https://www.neubaukompass.de/neubau/kolpingstrasse-32-eislingen/
https://www.neubaukompass.de/neubau/brunnenfeldstrasse-19-renningen/
https://www.neubaukompass.de/neubau/rieslingweg-1-stuttgart/
https://www.neubaukompass.de/neubau/mayliving-stuttgart/
https://www.neubaukompass.de/neubau/q23-sachsenheim/
https://www.neubaukompass.de/neubau/wilhelmsquartier-metzingen/
https://www.neubaukompass.de/neubau/uhlandstrasse-6-leonberg/
https://www.neubaukompass.de/neubau/living4-bissingen-an-der-teck/
https://www.neubaukompass.de/neubau/schlosscarree-sersheim/
https://www.neubaukompass.de/neubau/ellental-living-bf-26-bietigheim-bissingen/
https://www.neubaukompass.de/neubau/west-living-stuttgart/
https://www.neubaukompass.de/neubau/an-den-siebenquellen-geislingen-an-der-stiege/
https://www.neubaukompass.de/neubau/eberhardts-murr/
https://www.neubaukompass.de/neubau/pfuhlweg-rutesheim/
https://www.neubaukompass.de/neubau/hoelderlin-hoefe-bietigheim-bissingen/
https://www.neubaukompass.de/neubau/alte-dettinger-strasse-bissingen-an-der-teck/
https://www.neubaukompass.de/neubau/bubenhaldenstrasse-44-stuttgart/
https://www.neubaukompass.de/neubau/hebbelstrasse-4-rutesheim/
https://www.neubaukompass.de/neubau/am-alten-schloss-remseck/
https://www.neubaukompass.de/neubau/an-der-wette-bad-boll/
https://www.neubaukompass.de/neubau/weilerburgstrasse-13-tuebingen/
https://www.neubaukompass.de/neubau/am-stefansplatz-aalen/
https://www.neubaukompass.de/neubau/weissachgruen-bretten/
https://www.neubaukompass.de/neubau/gmuenderstrasse-57-schorndorf/
https://www.neubaukompass.de/neubau/wohnen-im-wittumareal-jettingen/
https://www.neubaukompass.de/neubau/jahnstrasse-markgroeningen/
https://www.neubaukompass.de/neubau/steidachstrasse-oetisheim/
https://www.neubaukompass.de/neubau/park-ensemble-am-bruehlbach-metzingen/
https://www.neubaukompass.de/neubau/kingersheimer-strasse-19-tuebingen/
https://www.neubaukompass.de/neubau/am-adelsbach-29-winnenden/
https://www.neubaukompass.de/neubau/weilermerstrasse-6-karlsbad/
https://www.neubaukompass.de/neubau/grosse-heerstrasse-43-pfullingen/
https://www.neubaukompass.de/neubau/alemannenstrasse-18-waiblingen/
https://www.neubaukompass.de/neubau/poststrasse-20-donzdorf/
https://www.neubaukompass.de/neubau/parkvilla-vincentistrasse-baden-baden/
https://www.neubaukompass.de/neubau/alte-landstrasse-walddorfhaeslach/
https://www.neubaukompass.de/neubau/wohnen-am-schillerpark-marbach-am-neckar/
https://www.neubaukompass.de/neubau/rommentalweg-2-goeppingen/
https://www.neubaukompass.de/neubau/wolfsberg-palais-pforzheim/
https://www.neubaukompass.de/neubau/solid-flacht-weissach/
https://www.neubaukompass.de/neubau/bahnhofsstrasse-20-waldenbuch/
https://www.neubaukompass.de/neubau/europastrasse-38-nuertingen/
https://www.neubaukompass.de/neubau/starenweg-10-remshalden/
https://www.neubaukompass.de/neubau/hintere-gasse-21-1-herrenberg/
https://www.neubaukompass.de/neubau/wagnerstrasse-17-19-donzdorf/
https://www.neubaukompass.de/neubau/quartier-bluevillage-reutlingen/
https://www.neubaukompass.de/neubau/kiesweg-28-1-koengen/
https://www.neubaukompass.de/neubau/weinbergstrasse-33-reichenbach-an-der-fils/
https://www.neubaukompass.de/neubau/pommernweg-6-8-welzheim/
https://www.neubaukompass.de/neubau/vordere-strasse-34-merklingen/
https://www.neubaukompass.de/neubau/planstrasse-20-herrenberg/
https://www.neubaukompass.de/neubau/pfalzgasse1-iggingen/
https://www.neubaukompass.de/neubau/ihingerstrasse-3-magstadt/
https://www.neubaukompass.de/neubau/krummenackerstrasse-152-esslingen-am-neckar/
https://www.neubaukompass.de/neubau/abel-27-ludwigsburg/
https://www.neubaukompass.de/neubau/hauptstrasse-37-essingen/
https://www.neubaukompass.de/neubau/otto-hahn-strasse-4-6-bietigheim-bissingen/
https://www.neubaukompass.de/neubau/rossaeckerstrasse-45-weinsberg/
https://www.neubaukompass.de/neubau/talstrasse-158-160-esslingen/
https://www.neubaukompass.de/neubau/champignystrasse-2-vaihingen/
https://www.neubaukompass.de/neubau/stuttgarter-strasse-26-leutenbach/
https://www.neubaukompass.de/neubau/lilienstrasse-15-bondorf/
https://www.neubaukompass.de/neubau/harthaeuser-strasse-6-aichtal/
https://www.neubaukompass.de/neubau/bietigheimer-strasse-besigheim/
https://www.neubaukompass.de/neubau/apartmenthaus-kaiserberge-waldstetten/
https://www.neubaukompass.de/neubau/v20-sindelfingen/
https://www.neubaukompass.de/neubau/feldstetter-strasse-laichingen/
https://www.neubaukompass.de/neubau/wiflingshauser-strasse-69-esslingen/
https://www.neubaukompass.de/neubau/katzensteigle-kirchheim-unter-teck/
https://www.neubaukompass.de/neubau/wohnpark-solitudeallee-korntal-muenchingen/
https://www.neubaukompass.de/neubau/neue-strasse-78-ludwigsburg/
https://www.neubaukompass.de/neubau/holzmarkt-carre-winnenden/
https://www.neubaukompass.de/neubau/fliederstrasse-2-dornstetten/
https://www.neubaukompass.de/neubau/hintere-strasse-125-dettingen-unter-teck/
https://www.neubaukompass.de/neubau/dillweissensteiner-strasse-10-pforzheim/
https://www.neubaukompass.de/neubau/wohnen-am-rosenplatz-altensteig/
https://www.neubaukompass.de/neubau/buehlenstrasse-47-holzgerlinge/
https://www.neubaukompass.de/neubau/loebertstrasse-13-vaihingen/
https://www.neubaukompass.de/neubau/kreuzbachstrasse-vaihingen-an-der-enz/
https://www.neubaukompass.de/neubau/roehrlingweg-19-stuttgart/
https://www.neubaukompass.de/neubau/august-laemmle-strasse-10-oberderdingen/
https://www.neubaukompass.de/neubau/roemerstrasse-24-dornstetten/
https://www.neubaukompass.de/neubau/sulzbacher-strasse-111-backnang/
https://www.neubaukompass.de/neubau/hermann-beuttenmueller-strasse-10-bretten/
https://www.neubaukompass.de/neubau/burgstrasse-45-eningen/
https://www.neubaukompass.de/neubau/wuermstrasse-20-sindelfingen/
https://www.neubaukompass.de/neubau/schlossstrasse-6-pfullingen/
https://www.neubaukompass.de/neubau/haefnerstrasse-3-gemmrigheim/
https://www.neubaukompass.de/neubau/quartier-sonnenrain-schaebisch-hall/
https://www.neubaukompass.de/neubau/reuchlinstrasse-27-filderstadt/
https://www.neubaukompass.de/neubau/leon-nuernberg/
https://www.neubaukompass.de/neubau/wohnquartier-floessau-100-fuerth/
https://www.neubaukompass.de/neubau/villa-aurora-fuerth/
https://www.neubaukompass.de/neubau/green-suites-zirndorf/
https://www.neubaukompass.de/neubau/boschweg-roth/
https://www.neubaukompass.de/neubau/hainbrunnenpark-forchheim/
https://www.neubaukompass.de/neubau/fuerther-strasse-zirndorf/
https://www.neubaukompass.de/neubau/reichelsdorfer-keller-nuernberg/
https://www.neubaukompass.de/neubau/castle-apartments-nuernberg/
https://www.neubaukompass.de/neubau/am-kohlrangen-nuernberg/
https://www.neubaukompass.de/neubau/eberhardshoefe-2-bauabschnitt-nuernberg/
https://www.neubaukompass.de/neubau/an-der-rother-stadtbrauerei-roth/
https://www.neubaukompass.de/neubau/st-jobst-living/
https://www.neubaukompass.de/neubau/greuther-strasse-14b-e-nuernberg/
https://www.neubaukompass.de/neubau/am-kornfeld-1-buechenbach/
https://www.neubaukompass.de/neubau/greiendorf-14-hoechstadt/
https://www.neubaukompass.de/neubau/hopfengartenweg-nuernberg/
https://www.neubaukompass.de/neubau/im-lottersgarten-fuerth/
https://www.neubaukompass.de/neubau/k40-nuernberg-2bauabschnitt/
https://www.neubaukompass.de/neubau/am-kinoberg-roethenbach-an-der-pegnitz/
https://www.neubaukompass.de/neubau/enzianweg-12-17-schwarzenfeld/
https://www.neubaukompass.de/neubau/stadt-palais-lauf-an-der-pegnitz/
https://www.neubaukompass.de/neubau/gutenberg-42-zirndorf/
https://www.neubaukompass.de/neubau/ketteler-gaerten-nuernberg/
https://www.neubaukompass.de/neubau/schniegling-90427-nuernberg/
https://www.neubaukompass.de/neubau/sommerstrasse-nuernberg/
https://www.neubaukompass.de/neubau/tramliving-1-bauabschnitt-nuernberg/
https://www.neubaukompass.de/neubau/sandstrasse-13-allersberg/
https://www.neubaukompass.de/neubau/in-der-finstermail-12-nuernberg/
https://www.neubaukompass.de/neubau/maiach-471-nuernberg/
https://www.neubaukompass.de/neubau/neuendettelsauer-strasse-124-nuernberg/
https://www.neubaukompass.de/neubau/villa-nopitschpark/
https://www.neubaukompass.de/neubau/farrnbach-living-fuerth/
https://www.neubaukompass.de/neubau/daily-home-fani-herzogenaurach/
https://www.neubaukompass.de/neubau/park-lane-nuernberg/
https://www.neubaukompass.de/neubau/w2-wiesentalstrasse-2scwaig-bei-nuernberg/
https://www.neubaukompass.de/neubau/rednitz-juwel-2-bauabschnitt/
https://www.neubaukompass.de/neubau/eq66-eichquartier-nuernberg/
https://www.neubaukompass.de/neubau/kunigundendamm-80-bamberg/
https://www.neubaukompass.de/neubau/schwabach-auen-erlangen/
https://www.neubaukompass.de/neubau/tristan-isolde-fuerth/
https://www.neubaukompass.de/neubau/hagebuchener-strasse-11-greding/
https://www.neubaukompass.de/neubau/brauhaus-areal-neustadt-an-der-aisch/
https://www.neubaukompass.de/neubau/muehlweg-14-greding/
https://www.neubaukompass.de/neubau/badstrasse-29-bayreuth/
https://www.neubaukompass.de/neubau/walter-flex-strasse-83-nuernerg/
https://www.neubaukompass.de/neubau/residenz-am-koenigsberger-platz-bad-windsheim/
https://www.neubaukompass.de/neubau/nordgaustrasse-amberg/
https://www.neubaukompass.de/neubau/ansbach-suites/
https://www.neubaukompass.de/neubau/marktgraf-alexander-strasse-41/
https://www.neubaukompass.de/neubau/schneiderei-9-schillingsfuerst/
https://www.neubaukompass.de/neubau/lindengaerten-zirndorf/
https://www.neubaukompass.de/neubau/am-kirchbuck-14-dombuehl/
https://www.neubaukompass.de/neubau/prellweg-bayreuth/
https://www.neubaukompass.de/neubau/hauptstrasse-7-baiersdorf/
https://www.neubaukompass.de/neubau/brandbachauen-dormitz/
https://www.neubaukompass.de/neubau/leyh-634/
https://www.neubaukompass.de/neubau/fcn-edition-03-wolkersdorf-schwabach/
https://www.neubaukompass.de/neubau/bbersbacher-weg-neunkirchen-am-brand/
https://www.neubaukompass.de/neubau/lichtelweg-rothenburg-ob-der-tauber/
https://www.neubaukompass.de/neubau/ehrenwert-koeln/
https://www.neubaukompass.de/neubau/aeussere-kanalstrasse-86-koeln/
https://www.neubaukompass.de/neubau/schumanns-hoehe-bonn/
https://www.neubaukompass.de/neubau/rheintal-quartier-wesseling/
https://www.neubaukompass.de/neubau/kalkoefen-caree-1852-bergisch-gladbach/
https://www.neubaukompass.de/neubau/alteburger-strasse-217-koeln/
https://www.neubaukompass.de/neubau/modern-living-hochkreuz-bonn/
https://www.neubaukompass.de/neubau/bergstrasse-81-koeln/
https://www.neubaukompass.de/neubau/pandion-ville-bonn/
https://www.neubaukompass.de/neubau/vogthof-linz-am-rhein/
https://www.neubaukompass.de/neubau/am-apfelmaar-alfter/
https://www.neubaukompass.de/neubau/subbelrather-strasse-436-koeln/
https://www.neubaukompass.de/neubau/leben-am-westpark-aachen/
https://www.neubaukompass.de/neubau/theodor-storm-strasse-koenigswinter/
https://www.neubaukompass.de/neubau/eschenweg-solingen/
https://www.neubaukompass.de/neubau/das-rheinische-quartier/
https://www.neubaukompass.de/neubau/hans-frick-strasse-bad-neuenahr-ahrweiler/
https://www.neubaukompass.de/neubau/olive-urban-leben-aachen/
https://www.neubaukompass.de/neubau/waldviertel-rodenkirchen/
https://www.neubaukompass.de/neubau/gottesweg-36-koeln/
https://www.neubaukompass.de/neubau/hofgaerten-gruenguertel/
https://www.neubaukompass.de/neubau/100-plus-leben-in-bad-godesberg/
https://www.neubaukompass.de/neubau/villa-7gebirge-koenigswinter/
https://www.neubaukompass.de/neubau/hahnwald-garden-living-koeln/
https://www.neubaukompass.de/neubau/xantener-koeln/
https://www.neubaukompass.de/neubau/hof-hoehenhaus-koeln/
https://www.neubaukompass.de/neubau/gutenberg-karree-koeln/
https://www.neubaukompass.de/neubau/villa-flair-langenfeld-rheinland/
https://www.neubaukompass.de/neubau/zehntweg-54-bergisch-gladbach/
https://www.neubaukompass.de/neubau/friedrich-ebert-strasse-78-troisdorf/
https://www.neubaukompass.de/neubau/cube-factory-577-leverkusen/
https://www.neubaukompass.de/neubau/rheintalallee-am-birkenhang-wesseling/
https://www.neubaukompass.de/neubau/haeuser-in-den-klinkerhoefen-huerth/
https://www.neubaukompass.de/neubau/pur-plus-junkersdorf/
https://www.neubaukompass.de/neubau/kwartier-werk-koeln/
https://www.neubaukompass.de/neubau/pandion-5-freunde-koeln/
https://www.neubaukompass.de/neubau/normannenweg-7-koeln/
https://www.neubaukompass.de/neubau/faehrstrasse-3a-bonn/
https://www.neubaukompass.de/neubau/stadtquartier-dreizehn-bergisch-gladbach/
https://www.neubaukompass.de/neubau/eigentumswohnungen-in-den-klinkerhoefen-huerth/
https://www.neubaukompass.de/neubau/the-cubes-bonn/
https://www.neubaukompass.de/neubau/vital-quartier-lindlar/
https://www.neubaukompass.de/neubau/ehrenfeldguertel-2-koeln/
https://www.neubaukompass.de/neubau/muelheimerstrasse-106-bergisch-gladbach/
https://www.neubaukompass.de/neubau/herler-strasse-111-koeln/
https://www.neubaukompass.de/neubau/halfmannstrasse-34-aegidiusstrasse-56-frechen/
https://www.neubaukompass.de/neubau/pandion-9-freunde-koeln/
https://www.neubaukompass.de/neubau/herrmann-loens-strasse-22-bergisch-gladbach/
https://www.neubaukompass.de/neubau/nordstrasse-8a-haan/
https://www.neubaukompass.de/neubau/am-ledenhof-bonn/
https://www.neubaukompass.de/neubau/gruenstrasse-mohnweg-leverkusen/
https://www.neubaukompass.de/neubau/meine-suedstadt-koeln/
https://www.neubaukompass.de/neubau/an-der-schlade-kassel/
https://www.neubaukompass.de/neubau/eschelbacher-strasse-3-montabaur/
https://www.neubaukompass.de/neubau/wohnen-im-steinpfahl-merzenich/
https://www.neubaukompass.de/neubau/berghauser-strasse-remscheid/
https://www.neubaukompass.de/neubau/forsterhuette-pulheim/
https://www.neubaukompass.de/neubau/bretzelnweg-quartier-dueren/
https://www.neubaukompass.de/neubau/galant-38-frechen/
https://www.neubaukompass.de/neubau/kirchplatz-16-uebach-palenberg/
https://www.neubaukompass.de/neubau/quartier-thielgelaende/
https://www.neubaukompass.de/neubau/balken-18-20-leichlingen/
https://www.whs-wuestenrot.de//Neubauprojekt-Bad-Homburg-Wohnquartier-am-Suedcampus/WHS-0203.htm
https://www.whs-wuestenrot.de//Neubauprojekt-Dresden-Wiener-Quartett/WHS-0213.htm
https://www.whs-wuestenrot.de//Neubauprojekt-Freudenstadt-RappenQuartier-2-BA/WHS-0192.htm
https://www.whs-wuestenrot.de//Neubauprojekt-Karlsruhe-Gruenwinkel/WHS-0207.htm
https://www.whs-wuestenrot.de//Neubauprojekt-Kornwestheim/WHS-0200.htm
https://www.whs-wuestenrot.de/https://wuestenrothausundstaedtebaugmbh-mietangebote.immomio.de/
https://www.whs-wuestenrot.de//Neubauprojekt-Leverkusen-Opladen-GruenerBahnHof/WHS-0201.htm
https://www.whs-wuestenrot.de/https://wuestenrothausundstaedtebaugmbh-mietangebote.immomio.de/
https://www.whs-wuestenrot.de//Neubauprojekt-Offenburg/WHS-0188.htm
https://www.whs-wuestenrot.de//Neubauprojekt-Schondorf-am-Ammersee-Schondorf-am-Ammersee/WHS-0205.htm
https://www.whs-wuestenrot.de//Neubauprojekt-Stuttgart-Bad-Cannstatt-Bad-Cannstatt-Hofener-Strasse/WHS-0197.htm
https://www.howoge.de/wohnungsbau/neubauprojekte/bahrfeldtstrasse.html
https://www.howoge.de/wohnungsbau/neubauprojekte/campus-ohlauer-str.html
https://www.howoge.de/wohnungsbau/neubauprojekte/eba-berlin-eichbuschallee.html
https://www.howoge.de/wohnungsbau/neubauprojekte/fischerhuettenstrasse.html
https://www.howoge.de/wohnungsbau/neubauprojekte/friedenauer-hoehe.html
https://www.howoge.de/wohnungsbau/neubauprojekte/hauptstrasse-41-49.html
https://www.howoge.de/wohnungsbau/neubauprojekte/kynaststrasse.html
https://www.howoge.de/wohnungsbau/neubauprojekte/hermann-dorner-allee.html
https://www.howoge.de/wohnungsbau/neubauprojekte/neustrelitzer-strasse.html
https://www.howoge.de/wohnungsbau/neubauprojekte/q218.html
https://www.howoge.de/wohnungsbau/neubauprojekte/treskowstrasse-12.html
https://www.howoge.de/wohnungsbau/neubauprojekte/dolgenseestrasse.html
https://www.howoge.de/wohnungsbau/neubauprojekte/eitelstrasse.html
https://www.howoge.de/wohnungsbau/neubauprojekte/flaemingstrasse.html
https://www.howoge.de/wohnungsbau/neubauprojekte/frankfurter-allee-135.html
https://www.howoge.de/wohnungsbau/neubauprojekte/gaertnerhof.html
https://www.howoge.de/wohnungsbau/neubauprojekte/genslerstrasse.html
https://www.howoge.de/wohnungsbau/neubauprojekte/glasblaeserallee.html
https://www.howoge.de/wohnungsbau/neubauprojekte/goeckestrasse.html
https://www.howoge.de/wohnungsbau/neubauprojekte/hagenower-ring.html
https://www.howoge.de/wohnungsbau/neubauprojekte/hauptstrasse.html
https://www.howoge.de/wohnungsbau/neubauprojekte/johannisgaerten.html
https://www.howoge.de/wohnungsbau/neubauprojekte/konrad-wolf-strasse.html
https://www.howoge.de/wohnungsbau/neubauprojekte/kuestriner-strasse-17.html
https://www.howoge.de/wohnungsbau/neubauprojekte/kuestriner-strasse-18.html
https://www.howoge.de/wohnungsbau/neubauprojekte/lindenhof.html
https://www.howoge.de/wohnungsbau/neubauprojekte/muehlengrund.html
https://www.howoge.de/wohnungsbau/neubauprojekte/paul-zobel-strasse.html
https://www.howoge.de/wohnungsbau/neubauprojekte/powerhouse.html
https://www.howoge.de/wohnungsbau/neubauprojekte/rathausstrasse.html
https://www.howoge.de/wohnungsbau/neubauprojekte/reichenberger-strasse-4-5.html
https://www.howoge.de/wohnungsbau/neubauprojekte/sewanstrasse.html
https://www.howoge.de/wohnungsbau/neubauprojekte/rosenfelder-ring-13.html
https://www.howoge.de/wohnungsbau/neubauprojekte/stillerzeile.html
https://www.howoge.de/wohnungsbau/neubauprojekte/treskow-hoefe.html
https://www.howoge.de/wohnungsbau/neubauprojekte/treskowstrasse.html
https://www.howoge.de/wohnungsbau/neubauprojekte/stallschreiberstrasse.html
https://www.howoge.de/wohnungsbau/neubauprojekte/urbaner-holzbau.html
https://www.howoge.de/wohnungsbau/neubauprojekte/weserstrasse.html
https://www.howoge.de/wohnungsbau/neubauprojekte/bahrfeldtstrasse.html
https://www.howoge.de/wohnungsbau/neubauprojekte/campus-ohlauer-str.html
https://www.howoge.de/wohnungsbau/neubauprojekte/eba-berlin-eichbuschallee.html
https://www.howoge.de/wohnungsbau/neubauprojekte/fischerhuettenstrasse.html
https://www.howoge.de/wohnungsbau/neubauprojekte/friedenauer-hoehe.html
https://www.howoge.de/wohnungsbau/neubauprojekte/hauptstrasse-41-49.html
https://www.howoge.de/wohnungsbau/neubauprojekte/kynaststrasse.html
https://www.howoge.de/wohnungsbau/neubauprojekte/hermann-dorner-allee.html
https://www.howoge.de/wohnungsbau/neubauprojekte/neustrelitzer-strasse.html
https://www.howoge.de/wohnungsbau/neubauprojekte/q218.html
https://www.howoge.de/wohnungsbau/neubauprojekte/treskowstrasse-12.html
https://www.howoge.de/wohnungsbau/neubauprojekte/dolgenseestrasse.html
https://www.howoge.de/wohnungsbau/neubauprojekte/eitelstrasse.html
https://www.howoge.de/wohnungsbau/neubauprojekte/flaemingstrasse.html
https://www.howoge.de/wohnungsbau/neubauprojekte/frankfurter-allee-135.html
https://www.howoge.de/wohnungsbau/neubauprojekte/gaertnerhof.html
https://www.howoge.de/wohnungsbau/neubauprojekte/genslerstrasse.html
https://www.howoge.de/wohnungsbau/neubauprojekte/glasblaeserallee.html
https://www.howoge.de/wohnungsbau/neubauprojekte/goeckestrasse.html
https://www.howoge.de/wohnungsbau/neubauprojekte/hagenower-ring.html
https://www.howoge.de/wohnungsbau/neubauprojekte/hauptstrasse.html
https://www.howoge.de/wohnungsbau/neubauprojekte/johannisgaerten.html
https://www.howoge.de/wohnungsbau/neubauprojekte/konrad-wolf-strasse.html
https://www.howoge.de/wohnungsbau/neubauprojekte/kuestriner-strasse-17.html
https://www.howoge.de/wohnungsbau/neubauprojekte/kuestriner-strasse-18.html
https://www.howoge.de/wohnungsbau/neubauprojekte/lindenhof.html
https://www.howoge.de/wohnungsbau/neubauprojekte/muehlengrund.html
https://www.howoge.de/wohnungsbau/neubauprojekte/paul-zobel-strasse.html
https://www.howoge.de/wohnungsbau/neubauprojekte/powerhouse.html
https://www.howoge.de/wohnungsbau/neubauprojekte/rathausstrasse.html
https://www.howoge.de/wohnungsbau/neubauprojekte/reichenberger-strasse-4-5.html
https://www.howoge.de/wohnungsbau/neubauprojekte/sewanstrasse.html
https://www.howoge.de/wohnungsbau/neubauprojekte/rosenfelder-ring-13.html
https://www.howoge.de/wohnungsbau/neubauprojekte/stillerzeile.html
https://www.howoge.de/wohnungsbau/neubauprojekte/treskow-hoefe.html
https://www.howoge.de/wohnungsbau/neubauprojekte/treskowstrasse.html
https://www.howoge.de/wohnungsbau/neubauprojekte/stallschreiberstrasse.html
https://www.howoge.de/wohnungsbau/neubauprojekte/urbaner-holzbau.html
https://www.howoge.de/wohnungsbau/neubauprojekte/weserstrasse.html
https://www.howoge.de/wohnungsbau/neubauprojekte/bahrfeldtstrasse.html
https://www.howoge.de/wohnungsbau/neubauprojekte/campus-ohlauer-str.html
https://www.howoge.de/wohnungsbau/neubauprojekte/dolgenseestrasse.html
https://www.howoge.de/wohnungsbau/neubauprojekte/eba-berlin-eichbuschallee.html
https://www.howoge.de/wohnungsbau/neubauprojekte/eitelstrasse.html
https://www.howoge.de/wohnungsbau/neubauprojekte/fischerhuettenstrasse.html
https://www.howoge.de/wohnungsbau/neubauprojekte/flaemingstrasse.html
https://www.howoge.de/wohnungsbau/neubauprojekte/frankfurter-allee-135.html
https://www.howoge.de/wohnungsbau/neubauprojekte/friedenauer-hoehe.html
https://www.howoge.de/wohnungsbau/neubauprojekte/gaertnerhof.html
https://www.howoge.de/wohnungsbau/neubauprojekte/genslerstrasse.html
https://www.howoge.de/wohnungsbau/neubauprojekte/glasblaeserallee.html
https://www.howoge.de/wohnungsbau/neubauprojekte/goeckestrasse.html
https://www.howoge.de/wohnungsbau/neubauprojekte/hagenower-ring.html
https://www.howoge.de/wohnungsbau/neubauprojekte/hauptstrasse-41-49.html
https://www.howoge.de/wohnungsbau/neubauprojekte/hauptstrasse.html
https://www.howoge.de/wohnungsbau/neubauprojekte/hermann-dorner-allee.html
https://www.howoge.de/wohnungsbau/neubauprojekte/johannisgaerten.html
https://www.howoge.de/wohnungsbau/neubauprojekte/konrad-wolf-strasse.html
https://www.howoge.de/wohnungsbau/neubauprojekte/kuestriner-strasse-17.html
https://www.howoge.de/wohnungsbau/neubauprojekte/kuestriner-strasse-18.html
https://www.howoge.de/wohnungsbau/neubauprojekte/kynaststrasse.html
https://www.howoge.de/wohnungsbau/neubauprojekte/lindenhof.html
https://www.howoge.de/wohnungsbau/neubauprojekte/muehlengrund.html
https://www.howoge.de/wohnungsbau/neubauprojekte/neustrelitzer-strasse.html
https://www.howoge.de/wohnungsbau/neubauprojekte/paul-zobel-strasse.html
https://www.howoge.de/wohnungsbau/neubauprojekte/powerhouse.html
https://www.howoge.de/wohnungsbau/neubauprojekte/q218.html
https://www.howoge.de/wohnungsbau/neubauprojekte/rathausstrasse.html
https://www.howoge.de/wohnungsbau/neubauprojekte/reichenberger-strasse-4-5.html
https://www.howoge.de/wohnungsbau/neubauprojekte/rosenfelder-ring-13.html
https://www.howoge.de/wohnungsbau/neubauprojekte/sewanstrasse.html
https://www.howoge.de/wohnungsbau/neubauprojekte/stallschreiberstrasse.html
https://www.howoge.de/wohnungsbau/neubauprojekte/stillerzeile.html
https://www.howoge.de/wohnungsbau/neubauprojekte/treskow-hoefe.html
https://www.howoge.de/wohnungsbau/neubauprojekte/treskowstrasse-12.html
https://www.howoge.de/wohnungsbau/neubauprojekte/treskowstrasse.html
https://www.howoge.de/wohnungsbau/neubauprojekte/urbaner-holzbau.html
https://www.howoge.de/wohnungsbau/neubauprojekte/weserstrasse.html
https://www.howoge.de/wohnungsbau/neubauprojekte/frankfurter-allee-135.html
https://www.howoge.de/wohnungsbau/neubauprojekte/glasblaeserallee.html
https://www.howoge.de/wohnungsbau/neubauprojekte/johannisgaerten.html
https://www.howoge.de/wohnungsbau/neubauprojekte/muehlengrund.html
https://www.howoge.de/wohnungsbau/neubauprojekte/bahrfeldtstrasse.html
https://www.howoge.de/wohnungsbau/neubauprojekte/eba-berlin-eichbuschallee.html
https://www.howoge.de/wohnungsbau/neubauprojekte/fischerhuettenstrasse.html
https://www.howoge.de/wohnungsbau/neubauprojekte/kynaststrasse.html
https://www.howoge.de/wohnungsbau/neubauprojekte/treskowstrasse-12.html
https://www.howoge.de/wohnungsbau/neubauprojekte/campus-ohlauer-str.html
https://www.howoge.de/wohnungsbau/neubauprojekte/friedenauer-hoehe.html
https://www.howoge.de/wohnungsbau/neubauprojekte/hauptstrasse-41-49.html
https://www.howoge.de/wohnungsbau/neubauprojekte/hermann-dorner-allee.html
https://www.howoge.de/wohnungsbau/neubauprojekte/neustrelitzer-strasse.html
https://www.howoge.de/wohnungsbau/neubauprojekte/q218.html
https://www.howoge.de/wohnungsbau/neubauprojekte/dolgenseestrasse.html
https://www.howoge.de/wohnungsbau/neubauprojekte/eitelstrasse.html
https://www.howoge.de/wohnungsbau/neubauprojekte/flaemingstrasse.html
https://www.howoge.de/wohnungsbau/neubauprojekte/gaertnerhof.html
https://www.howoge.de/wohnungsbau/neubauprojekte/genslerstrasse.html
https://www.howoge.de/wohnungsbau/neubauprojekte/goeckestrasse.html
https://www.howoge.de/wohnungsbau/neubauprojekte/hagenower-ring.html
https://www.howoge.de/wohnungsbau/neubauprojekte/hauptstrasse.html
https://www.howoge.de/wohnungsbau/neubauprojekte/konrad-wolf-strasse.html
https://www.howoge.de/wohnungsbau/neubauprojekte/kuestriner-strasse-17.html
https://www.howoge.de/wohnungsbau/neubauprojekte/kuestriner-strasse-18.html
https://www.howoge.de/wohnungsbau/neubauprojekte/lindenhof.html
https://www.howoge.de/wohnungsbau/neubauprojekte/paul-zobel-strasse.html
https://www.howoge.de/wohnungsbau/neubauprojekte/powerhouse.html
https://www.howoge.de/wohnungsbau/neubauprojekte/rathausstrasse.html
https://www.howoge.de/wohnungsbau/neubauprojekte/reichenberger-strasse-4-5.html
https://www.howoge.de/wohnungsbau/neubauprojekte/rosenfelder-ring-13.html
https://www.howoge.de/wohnungsbau/neubauprojekte/sewanstrasse.html
https://www.howoge.de/wohnungsbau/neubauprojekte/stallschreiberstrasse.html
https://www.howoge.de/wohnungsbau/neubauprojekte/stillerzeile.html
https://www.howoge.de/wohnungsbau/neubauprojekte/treskow-hoefe.html
https://www.howoge.de/wohnungsbau/neubauprojekte/treskowstrasse.html
https://www.howoge.de/wohnungsbau/neubauprojekte/urbaner-holzbau.html
https://www.howoge.de/wohnungsbau/neubauprojekte/weserstrasse.html
https://www.howoge.de/wohnungsbau/neubauprojekte/treskow-hoefe.html
https://www.howoge.de/wohnungsbau/neubauprojekte/lindenhof.html
https://www.howoge.de/wohnungsbau/neubauprojekte/eba-berlin-eichbuschallee.html
